ID,0,1,2,3,4,5,6,7,8,9,0a,0b,0c,0d,0e,0f,10,11,12,13,14,15,16,17,18,19,1a,1b,1c,1d,1e,1f,20,21,22,23,24,25,26,27,28,29,2a,2b,2c,2d,2e,2f,30,31,32,33,34,35,36,37,38,39,3a,3b,3c,3d,3e,3f,40,41,42,43,44,45,46,47,48,49,4a,4b,4c,4d,4e,4f,50,51,52,53,54,55,56,57,58,59,5a,5b,5c,5d,5e,5f,60,61,62,63,64,65,66,67,68,69,6a,6b,6c,6d,6e,6f,70,71,72,73,74,75,76,77,78,79,7a,7b,7c,7d,7e,7f,80,81,82,83,84,85,86,87,88,89,8a,8b,8c,8d,8e,8f,90,91,92,93,94,95,96,97,98,99,9a,9b,9c,9d,9e,9f,a0,a1,a2,a3,a4,a5,a6,a7,a8,a9,aa,ab,ac,ad,ae,af,b0,b1,b2,b3,b4,b5,b6,b7,b8,b9,ba,bb,bc,bd,be,bf,c0,c1,c2,c3,c4,c5,c6,c7,c8,c9,ca,cb,cc,cd,ce,cf,d0,d1,d2,d3,d4,d5,d6,d7,d8,d9,da,db,dc,dd,de,df,e0,e1,e2,e3,e4,e5,e6,e7,e8,e9,ea,eb,ec,ed,ee,ef,f0,f1,f2,f3,f4,f5,f6,f7,f8,f9,fa,fb,fc,fd,fe,ff,??
01azqd4InC7m9JpocGv5.txt,601905,3905,2816,3832,3345,3242,3650,3201,2965,3205,3211,3546,4038,4096,3218,3032,3269,2740,3459,2767,3354,4049,3184,3495,3139,2810,3444,3130,3786,3682,2665,3100,2990,3175,2826,4295,8565,4002,3105,2983,2987,3918,3117,3720,3153,2840,3489,2871,3287,2878,3417,3029,3475,4205,3157,3054,3254,2761,3237,3313,2845,3945,2808,3199,4018,4928,3094,3277,3231,3198,3395,3560,4072,3257,2834,2836,3486,2774,2732,3161,3955,4517,3892,3313,3342,2883,7750,3400,2814,3219,3135,3225,2702,2793,2816,3413,3580,3344,3481,2945,3300,3447,2851,4375,3730,3082,4601,2791,3079,3219,3365,3406,3318,3452,3485,3739,4406,3025,3553,3243,3339,3377,2782,2804,3353,3661,3858,2667,2890,3714,3107,4862,3290,4265,2796,2695,3478,3470,3241,5277,2708,3290,3627,2769,4578,2838,3035,2700,3920,2952,2898,3734,2741,2888,3362,2705,3141,2995,3140,4095,3127,3913,3262,3600,2907,3512,2680,2773,3379,2760,3455,2990,3483,3438,2678,3126,2831,2705,2997,3373,3477,2759,3195,2643,3388,3502,2782,3223,3494,3397,3097,2814,3823,2997,3352,2926,3280,2694,2908,4039,3222,3753,3103,2607,3105,3068,3347,3401,2720,3172,2816,3431,2812,2754,3130,2727,3621,3940,3554,3438,2773,2778,3467,2753,3097,3504,2764,2746,2913,3179,3088,2678,4710,3034,3127,3409,3571,2669,3523,3476,3685,3138,2727,2808,3209,3233,3271,2804,3687,3101,3211,3097,2758,3099,2759,5753,1824
01IsoiSMh5gxyDYTl4CB.txt,39755,8337,7249,7186,8663,6844,8420,7589,9291,358,340,6649,8660,447,218,6869,8869,228,352581,187,12034,353,349,154,6735,307,278,209,688,266,321,213,12372,309,196,296,8979,301,288,282,592,382,65194,345,245,322,329,256,497,420,581,7692,439,503,496,389,443,6734,297,6344,382,453,515,444,7840,684,421,11250,8484,12206,6984,677,7011,481,415,388,546,8913,465,65918,9127,524,618,7077,592,7922,8132,8042,747,7685,527,708,2079,9198,7160,767,711,952,733,648,1088,1591,1109,801,11323,909,9185,735,66502,844,1070,1040,828,603,468689,65835,11832,8162,815,756,884,791,729,779,882,8194,888,992,11072,866,916,9444,7153,9652,755,917,8599,9434,890,13277,785,10133,738,813,925,633,835,752,781,977,653,698,764,632,621,1070,837,711,625,65328,845,698,697,666,675,585,728,534,610,532,980,513,662,572,513,468,580,542,502,432,527,424,7204,461,640,526,534,494,466,609,554,726,7435,7819,688,9565,8849,759,8021,7169,662,1127,778,520,1359,480,607,613,585,663,581,550,675,576,608,473,578,849,674,547,617,452,504,449,503,400,401,797,497,353,368,312,7506,6878,394,6910,8206,223,385,442,6813,484,424,352,519,265,290,451,6536,439,281,302,7639,518,17001,54902,8588
01jsnpXSAlgw6aPeDxrU.txt,93506,9542,2568,2438,8925,9330,9007,2342,9107,2457,2655,2669,9113,2584,2788,2487,2782,2611,2301,2706,2968,2808,2408,2416,2677,2327,2788,2972,2659,2433,2267,2893,2575,2482,2801,2565,2524,2327,2546,2629,2907,2647,2450,2445,2811,2481,2552,2629,2381,2731,2703,2313,2639,2535,2392,2647,2354,3145,2471,2407,2539,2855,2617,2449,2371,3008,2493,2401,2548,2892,2733,2415,2305,9327,9251,2246,2528,2443,2464,2584,16251,2735,2617,2528,2907,2556,9115,2748,2621,9046,2697,2606,2414,2246,2490,2715,2601,2553,2843,3055,2755,2712,2403,2883,2748,2562,8927,2695,2868,2418,2547,2560,2531,2489,2786,2631,15688,9201,2803,2469,2443,2752,2646,2351,2377,2685,2459,2227,2320,2717,2802,9353,2425,15842,2516,2274,2670,2435,2720,22038,2608,9580,2612,2293,2478,2370,2864,2688,2862,2510,2435,2773,2444,2529,2517,2575,2677,2564,2311,2480,2773,2831,2329,2605,2538,2650,2646,2584,2763,2299,2528,2649,2543,2463,2702,2563,2615,2871,2547,2333,2684,2473,2706,184568,2324,2658,2467,2326,2331,2370,2699,2870,8871,2650,2630,2370,2318,2360,2747,2719,2685,2838,2720,174342,2641,2457,2796,2588,2810,2540,2637,2639,2354,2482,2577,2505,2826,2963,2334,2572,2565,2675,2473,2642,2456,2728,2369,2552,2746,2511,2246,2454,22304,2514,2804,2660,3042,2554,2520,2755,2619,2491,2537,2409,2456,2685,2598,2325,2358,2242,2885,2863,2471,2786,2680,49144,468
01kcPWA9K2BOxQeS5Rju.txt,21091,1213,726,817,1257,625,550,523,1078,473,516,445,808,432,403,705,1067,407,389,423,644,520,413,412,520,404,360,369,478,377,342,363,926,350,371,366,950,566,350,344,478,406,363,399,482,536,414,531,834,1047,679,1317,700,589,513,596,653,554,568,773,685,650,590,570,2444,2141,419,604,629,1788,531,462,603,451,393,436,491,602,423,420,1108,592,529,982,613,1325,785,578,480,861,577,715,456,686,656,549,545,814,399,538,1092,1041,941,499,1129,674,631,388,697,510,692,724,512,388,966,721,1555,1017,461,445,467,463,356,391,539,502,396,418,717,520,344,1059,746,1075,376,344,466,1745,478,4862,393,1301,342,370,551,357,390,315,408,377,375,310,419,357,331,483,397,404,336,331,421,649,339,442,498,337,333,361,377,361,357,337,452,429,341,338,460,331,390,338,395,333,324,417,589,487,554,374,425,378,381,356,1635,427,523,1543,651,388,802,531,609,566,370,359,433,345,363,344,531,395,545,491,507,317,455,403,690,393,440,828,522,357,543,454,480,355,405,398,566,404,358,366,2899,718,412,943,857,406,389,340,886,519,472,438,603,348,446,478,873,485,462,516,1133,471,761,7998,13940
01SuzwMJEIXsK7A8dQbl.txt,19764,710,302,433,559,410,262,249,422,223,237,226,406,643,213,272,447,242,240,236,437,693,240,217,348,286,240,207,350,229,214,230,418,441,334,282,398,486,252,473,292,391,267,472,323,605,303,865,283,321,260,322,271,320,282,323,298,292,324,299,332,437,307,445,454,2002,314,344,376,930,312,377,413,334,290,324,389,845,290,389,562,445,464,360,423,720,310,349,403,392,440,1328,361,326,350,369,1512,2134,484,585,368,568,347,365,385,368,306,305,400,339,337,403,372,321,361,403,533,525,2828,359,347,352,320,344,348,384,300,300,335,403,243,655,269,254,231,254,335,1039,270,1330,274,298,238,251,242,194,216,227,253,277,219,214,247,260,201,209,206,244,230,240,271,495,204,447,1130,238,253,335,318,220,210,265,292,231,264,221,268,231,239,222,286,266,296,269,359,296,258,262,294,259,278,274,350,417,470,337,303,233,280,375,238,212,230,228,285,237,245,188,298,366,202,267,233,217,219,191,228,328,230,245,246,243,205,221,258,768,274,223,261,250,231,225,546,543,310,255,379,211,273,223,374,527,212,229,492,345,483,847,947,350,209,239,653,221,242,2199,9008
02IOCvYEy8mjiuAQHax3.txt,85090,414,340,331,350,324,303,299,327,364,312,315,334,348,301,324,345,296,322,331,299,298,338,321,322,344,305,325,329,286,330,309,343,326,351,323,319,337,324,362,349,335,313,350,320,337,341,344,355,333,295,369,317,350,325,375,311,318,304,336,282,335,304,324,296,311,316,334,344,316,309,325,316,308,318,342,364,356,292,332,322,372,321,305,335,338,334,347,327,311,324,341,328,267,321,332,309,357,346,346,326,353,307,302,303,345,303,344,348,324,340,337,324,343,371,328,339,300,338,343,343,360,309,339,324,347,305,332,320,312,340,308,295,302,327,328,334,375,348,348,303,297,333,340,364,363,310,330,320,336,364,300,311,315,309,318,326,323,323,321,319,336,301,322,306,292,333,305,347,328,315,324,306,301,296,317,339,328,292,339,311,340,342,311,315,286,282,298,307,325,286,336,297,333,320,323,344,344,328,348,309,324,331,329,329,328,348,306,341,332,331,348,332,298,308,324,331,344,375,309,361,366,369,341,340,315,274,329,298,294,335,317,343,350,323,338,284,325,328,307,338,320,349,364,324,313,308,317,305,295,333,344,325,332,321,403,60984
02JqQ7H3yEoD8viYWlmS.txt,48412,22184,13818,14266,247579,15070,13053,13015,10814,221,263,12033,20505,284,143,14635,15988,207,494,152,11913,335,525,284,11284,317,132,205,275,199,230,243,13781,254,195,290,11760,285,184,288,507,184,185,335,291,239,357,418,323,256,242,12420,200,350,281,126,231,12105,214737,11351,258,215091,208,322,18938,506,429,15183,16145,15744,11982,624,11610,511,495,539,502,12399,552,436,15197,417,477,14541,560,12135,16512,11779,469,18618,481,325,639,15052,12786,601,728,993,762,1086,1129,2015,1343,891,12609,1232,12649,831,1248,1150,1166,943,1085,679,1213,955,12848,13973,805,740,801,961,1085,672,215914,12426,956,920,20822,866,761,15744,12304,14106,1018,940,13445,13169,951,16342,880,19133,897,864,1066,622,893,668,886,810,729,925,674,988,522,756,688,932,783,1004,903,1418,1108,949,978,971,1045,1016,782,917,858,726,692,779,870,963,738,812,406,215453,543,632,19499,748,737,805,685,662,626,584,676,553,12458,13918,832,15840,14965,799,11781,14827,617,790,451,384,733,263,383,409,368,365,331,470,215,123,346,362,365,324,260,353,357,275,292,316,594,389,462,410,777,244,228,158,13909,14088,169,11270,29623,106,215049,142,11512,231,148,173,262,104,322,365,19073,232,154,198,13345,367,14503,58847,9648
02K5GMYITj7bBoAisEmD.txt,21599,1380,747,1071,1144,579,414,647,3711,667,366,385,1109,333,268,1390,1118,370,212,183,732,614,597,138,441,199,169,242,348,200,113,238,1025,102,123,196,413,224,125,128,156,82,99,309,162,174,141,108,457,186,139,892,331,206,142,114,297,347,122,633,221,225,104,150,1156,546,198,1409,1127,3691,397,259,409,311,160,185,240,1611,196,184,1083,263,217,556,253,698,590,473,409,904,174,268,250,468,324,330,270,597,191,429,546,1219,797,204,641,591,1075,191,696,260,601,666,488,118,787,547,1773,2071,327,234,322,291,134,59,244,610,174,199,929,723,118,2285,459,1553,95,78,447,2510,312,38282,159,1196,139,120,156,112,63,108,202,127,75,65,215,101,61,54,918,870,114,85,231,194,56,155,203,216,75,72,256,114,63,102,136,73,126,81,191,69,80,83,161,280,247,365,403,95,87,103,362,171,181,116,1082,1371,1831,652,489,120,1177,2153,1148,353,2554,1695,437,112,2497,1692,1073,992,193,1046,269,75,935,901,310,151,97,162,260,99,3250,1654,3695,974,899,2429,457,195,2489,1653,3466,1317,84,2352,714,74,1724,920,2170,1753,138,1761,506,128,279,20731,1097,1024,982,196,11238,13221,1516,8786,18400
02mlBLHZTDFXGa7Nt6cr.txt,33141,430,311,410,411,330,385,863,345,378,291,354,318,331,321,337,1390,319,371,329,370,361,379,372,501,344,302,313,352,363,404,420,384,503,318,349,350,411,406,344,398,374,296,367,441,525,923,560,386,400,417,429,359,413,364,379,382,370,314,392,315,312,342,367,563,382,392,369,574,474,409,2960,400,298,309,313,489,355,337,318,300,274,289,292,278,308,293,252,266,311,278,272,253,316,281,263,306,355,462,455,724,465,386,286,283,338,466,289,633,283,1013,451,287,255,412,327,532,378,312,264,286,307,274,257,276,330,261,310,387,426,295,400,356,652,829,508,360,474,287,516,309,420,435,311,356,300,267,285,306,284,306,298,307,289,283,263,322,352,299,311,296,320,250,280,279,267,315,320,343,298,267,314,336,304,348,872,484,273,299,344,322,343,361,374,1314,346,336,319,387,319,389,382,407,391,486,367,586,365,1046,514,306,340,488,388,739,329,384,368,327,324,308,344,275,326,330,327,329,311,317,286,514,325,336,324,413,307,305,379,500,337,322,320,428,318,339,324,580,351,414,2865,360,365,328,345,345,291,340,425,333,312,272,279,295,300,334,12186,25352
02MRILoE6rNhmt7FUi45.txt,87036,56388,59321,54853,12417,10386,12325,12015,12386,208,284,9733,16368,278,224,10837,54838,43183,43425,47483,9289,290,280,340204,9522,155,93,126,325,65421,195,65691,70862,51845,51805,51889,10335,190,307,273,65409,181,179,340,185,271,314,381,51996,52033,51969,62460,276,442,413,334,390,11044,277,9903,292,398,401,431,13713,634,559,13900,17332,11718,12422,559,10724,329,531,760,756,11020,723,620,13882,597,662,11236,662,12416,13499,13154,838,13405,603,639,543,13746,11315,792,556,667,615,850,1401,1435,770,520,10601,862,10462,582,919,779,1057,1109,803,568,1224,855,15041,25357,692,770,551,673,655,708,686,12409,545,656,10865,891,616,14681,12384,14997,543,591,10523,14205,720,12805,633,10548,576,528,760,570,548,492,395,590,354,450,426,346,360,257,478,347,354,366,504,436,394,447,589,590,353,398,449,403,444,388,433,361,410,369,381,256,349,314,411,276,11248,575,633,485,464,489,354,418,429,288,12837,17498,494,11334,16926,371,10235,10551,784,644,337,225,887,310,312,255,350,404,365,373,448,245,322,379,566,320,276,345,289,292,205,227,670,300,184,137,305,149,266,206,27396,11507,129,11067,13688,65558,122,689,10854,329,179,170,65566,160,445,398,12000,180,137,178,16099,957,13532,48161,9004
02zcUmKV16Lya5xqnPGB.txt,46149,11863,10827,9625,10230,9429,14114,10679,12111,8070,8081,11292,11543,8118,8053,11738,12048,7947,8237,7947,10766,8042,8138,7961,10761,7971,7905,7950,8096,7999,7973,8096,3746,237,253,257,3206,243,157,224,480,182,171,282,286,255,211,198,353,274,226,3883,436,413,211,260,262,3598,241,2850,431,504,309,290,5159,1159,363,3473,3802,4222,3882,669,3116,40176,421,308,546,4782,340,445,4328,730,444,4065,460,3395,3736,3292,730,5507,547,893,604,3537,3027,906,559,918,533,893,876,1242,831,156218,3325,787,3557,549,818,633,673,817,643,634,1072,976,5516,6171,917,901,830,1093,995,981,1021,4255,907,875,3567,1117,792,6326,3357,3856,955,465,4330,4466,41152,7744,837,4416,41080,684,835,687,735,719,40772,797,1042,744,812,1132,1121,966,978,41026,669,666,890,957,834,838,1107,814,802,771,775,911,767,595,575,806,693,709,685,785,532,503,667,739,3858,712,823,769,604,487,569,715,588,637,4560,3570,1046,3969,4039,514,4311,3835,597,903,692,448,1434,461,507,468,541,542,457,456,459,388,469,313,523,730,672,449,571,701,472,539,859,535,392,279,461,290,248,300,7100,2806,475,3146,3266,242,323,412,4535,242,262,256,486,307,456,530,3464,334,239,271,3278,333,3726,52241,9004
03nJaQV6K2ObICUmyWoR.txt,12369,2317,2111,2210,2087,2120,2106,2186,2424,1971,1995,2114,2151,2051,2074,2043,2271,2064,1992,2253,2096,1989,1971,2073,2017,2019,2069,2100,2058,1952,2077,2183,2551,2033,2051,2113,2034,2167,2013,2074,2049,2014,2087,2009,1967,2394,2028,2010,3193,3206,3174,3257,3213,3243,3398,3193,3243,3259,3430,3171,3179,3241,3217,3177,2107,2107,2078,2170,2055,2114,2061,2048,2132,2098,1997,2125,2076,2253,2058,2025,2073,2038,2123,2300,2094,2121,2022,2057,1979,2118,2020,1986,2086,2035,2097,2016,2025,2446,2033,2169,2206,2576,2093,2137,2089,2371,2053,2008,2184,2083,2416,2409,2106,2078,2448,2337,2491,2343,2240,2148,2061,1984,2029,2026,2109,2044,1973,1984,2094,2105,2037,2044,2025,1996,1936,1956,2054,2017,1926,2026,1958,2018,2009,1997,2052,2012,2106,2010,2078,2000,1994,1985,1971,1949,2021,1963,1940,2026,2014,2047,2019,1956,1933,1978,1972,1953,2036,2012,1951,1923,2014,2025,1943,2030,2016,2050,2088,2014,2009,2010,2055,2106,2056,2019,2106,2038,2070,2097,2087,2185,2020,1978,2068,2123,2083,2070,2083,2048,2000,1966,2036,2044,2083,1995,1992,1966,2044,2042,1995,2120,2983,2129,2078,1965,1934,2042,1915,2130,1991,2052,2041,2046,1996,1979,2000,2068,1967,2024,2017,1882,1967,2073,2104,1961,2021,1957,2017,2096,1944,1941,2054,2054,1993,1957,2064,2013,2039,3048,2001,2056,1977,2086,2223,2019,2025,3193,16272
04BfoQRA6XEshiNuI7pF.txt,14119,8409,6122,6122,6228,6228,6349,6279,6112,6174,6371,6295,6184,6399,6347,6603,6312,6083,6396,6240,6180,6474,6125,6213,6278,6179,6187,6054,6408,6024,6176,6140,6223,6447,6023,6221,6125,6296,6100,6136,6054,6129,6125,6038,6055,6328,6302,6016,6139,6167,6328,6194,6157,6157,6222,6148,5848,6186,6166,6178,6199,6075,6301,6139,6196,6187,6396,6161,6174,6156,6202,6123,6238,6050,6270,6190,6231,6065,6438,6152,6266,6322,6235,6031,6347,6427,6128,6320,6031,6402,6410,6120,6405,6203,6087,6231,6320,6241,6123,6436,6302,6211,6172,5993,6170,6078,6397,6114,6209,6224,6129,6125,6272,6340,6367,6209,6184,6158,6322,6261,6024,6062,6161,6205,6167,6098,6171,6197,6610,6189,6228,6413,6083,6296,6256,6208,6400,6208,6268,6500,6169,6526,6045,6249,6143,6157,6218,6217,6424,6190,6358,6615,6213,6136,6234,6270,6161,6074,6000,6138,6101,6130,6103,6310,6145,6180,6447,5994,6224,6098,6180,6158,6303,6322,6133,6137,6262,6267,6177,6183,5976,6378,6252,6455,6103,6283,6413,6172,6294,6212,6134,6203,6298,6114,6125,6370,6184,6254,5991,6262,6284,6118,6114,6092,6384,6284,5858,6074,6224,6034,6172,5916,6180,6168,6394,6276,6086,6150,6224,6123,5860,6268,6072,6054,6074,6154,6096,6121,6151,6134,5968,6053,6365,6170,5990,6181,6265,6126,6028,6309,8169,8608,8311,6146,6070,6196,6337,6048,6163,6255,6169,5936,6240,6034,6228,9829,1517724
04cvLCVPqBMs6yn5xGlE.txt,6344,3049,3045,3111,3137,3100,3075,2978,3193,3109,3173,3201,3025,3109,3019,3072,3032,3227,3082,3090,3109,3039,3086,3123,3027,3136,3091,3147,3062,3108,3142,3159,3093,2921,3028,3216,3051,3156,2981,3090,3096,3052,3120,3007,3106,3066,3002,2916,3141,3083,3082,3092,3170,3117,3187,3065,3199,3190,3158,3127,2978,3094,3199,3040,3263,3033,3015,3055,3000,3022,3072,3049,3063,3031,3101,3080,3072,3096,3098,3077,3051,3210,3075,3101,3055,3067,3102,3146,3223,3070,3109,3079,3041,3095,3154,3168,2966,3187,3061,2983,3010,3134,3112,3085,3164,3079,3038,3146,3165,3108,3087,3087,3061,3040,3058,3002,3174,3032,3040,3108,2990,3035,3114,3007,2983,3041,3068,3082,3031,3111,3022,3279,3024,3016,3050,3085,3050,3122,3162,3225,3026,3219,3048,3065,3126,3123,3185,3196,3104,3033,3149,3105,2990,3016,3016,3003,3104,2966,3026,3006,3053,2993,3085,3032,3063,2985,3120,3048,3068,3124,3042,3063,3119,3033,3093,3071,3041,3143,3062,3091,3231,2986,3088,3181,3019,3047,2995,3053,3040,2992,3107,2922,3032,3030,3010,3191,3175,2983,3078,3070,3115,3020,3074,3070,3082,3051,3103,3072,3150,3024,3169,3188,3070,3059,3069,3054,3158,3171,3109,3011,2939,3060,3010,3084,3182,3087,3104,2984,3051,3104,3028,3054,3282,3115,3039,3056,3178,3156,2968,3039,3100,2939,3060,3102,3035,3059,3133,3023,3014,3021,3146,3065,3001,3105,3137,3556,1550492
04EjIdbPV5e1XroFOpiN.txt,40030,1980,1226,1193,1971,1096,961,755,2406,550,911,614,1696,629,700,1430,1577,870,492,663,1127,901,373,317,758,619,473,437,781,480,370,340,1075,444,423,364,708,411,417,349,625,431,349,385,492,367,498,288,655,733,645,1508,613,780,586,536,808,1079,596,1042,573,730,467,508,1129,883,435,714,1105,2480,1023,651,954,797,379,469,967,5118,924,597,2272,1049,664,1048,644,1089,1193,1046,816,880,503,586,499,949,823,672,507,879,401,623,888,1374,1058,445,1136,714,1080,397,925,553,689,728,711,472,776,825,1882,2184,528,725,556,480,284,349,436,910,514,361,1274,593,334,2028,819,1591,411,318,662,2297,338,6449,405,1850,383,326,7144,380,302,480,424,366,267,218,329,464,314,277,330,429,313,303,415,690,337,515,434,625,258,333,402,426,374,294,385,446,331,255,376,375,312,365,499,499,400,312,891,445,376,350,456,362,372,389,1468,761,947,814,445,489,727,1119,518,804,340,373,611,424,479,427,540,438,511,350,400,503,470,307,649,427,402,485,421,419,287,299,750,1220,475,441,645,487,386,328,2797,1550,506,832,1259,421,381,359,903,663,373,1882,1808,1099,585,377,806,479,357,394,1114,507,1080,10826,340
04hSzLv5s2TDYPlcgpHB.txt,25639,725,304,472,294,337,199,213,240,200,203,170,231,603,179,257,206,194,207,177,218,568,201,173,198,229,177,180,158,176,210,172,197,371,310,350,291,374,282,333,284,392,281,471,280,390,285,335,372,449,280,381,376,386,350,317,438,1259,378,363,453,456,316,358,461,1847,263,358,633,940,282,356,328,337,272,319,558,696,311,354,559,407,447,340,454,727,315,330,1278,804,311,370,416,396,306,441,390,1571,285,388,468,576,337,316,425,496,312,398,708,364,368,396,332,321,390,486,669,499,2562,324,322,387,287,320,862,366,315,222,258,384,251,586,247,254,186,190,211,892,204,1213,252,199,221,197,187,191,205,212,200,238,195,165,201,230,230,216,229,223,223,210,207,455,214,416,190,225,200,216,205,195,224,198,273,254,209,195,531,213,873,217,314,232,194,214,371,247,395,224,394,299,197,198,305,360,248,217,239,306,1075,481,194,275,225,204,215,269,228,218,260,318,280,253,211,315,211,182,239,262,223,218,280,268,247,221,317,231,209,205,228,314,223,263,489,343,259,288,341,273,206,237,381,312,235,249,467,274,300,385,564,313,276,264,504,342,469,2969,8564
04mcPSei852tgIKUwTJr.txt,33759,1467,946,673,1476,1027,923,654,1468,499,380,350,1044,695,368,870,652,483,375,305,549,793,300,294,502,468,360,380,387,353,329,316,491,375,300,336,897,433,316,440,315,388,297,276,292,396,323,342,626,305,376,859,314,382,359,300,347,554,321,654,523,396,353,334,717,375,406,397,420,563,395,357,500,1107,901,266,391,480,386,284,1683,458,346,737,312,548,1017,769,432,918,344,413,319,370,633,504,302,2462,549,395,572,585,374,328,927,340,1118,326,444,317,466,383,368,305,543,355,1888,1010,423,367,319,326,320,298,460,382,307,346,414,1254,275,1311,639,1814,368,316,487,723,415,2071,2718,1833,331,301,376,338,291,276,282,364,292,301,327,299,297,300,544,295,283,251,292,431,299,284,285,279,301,284,310,300,267,296,302,284,289,291,296,289,276,255,321,287,340,309,423,273,306,288,356,2694,357,295,1156,586,598,868,605,288,512,542,589,573,479,321,310,265,519,340,474,426,1544,302,394,295,274,302,429,356,409,363,337,283,256,304,428,396,333,293,436,331,287,330,2423,438,288,698,543,281,302,370,470,329,312,335,394,297,544,430,827,388,407,473,720,558,921,5900,388
04QzZ3DVdPsEp9elLR65.txt,7575,4254,3071,3079,3094,3102,3132,3134,3092,3107,3081,3093,3080,3158,3155,3105,3098,3038,3123,3118,3102,3270,2982,3094,3027,3110,2966,3172,3134,3166,3095,3151,3074,3114,3169,3128,3005,3064,3183,3105,3068,3232,3129,3047,2990,3093,3012,3021,3147,3189,3099,3075,3096,3124,3025,3085,3086,3019,3074,3093,3064,3080,3216,3142,3192,3127,3160,3075,3143,3042,3084,3024,3065,3233,3070,3037,3097,3189,3034,3026,3098,3094,3217,3140,3044,3133,3015,3159,3243,3055,3173,3023,3062,3057,3034,3110,3076,3204,3078,3199,3120,3050,3195,3181,3091,3272,3046,3092,3085,3076,3191,3163,3068,3212,3217,3095,3112,3221,3143,3084,3064,3191,3063,3125,3080,3117,3043,3074,3209,3153,3022,3279,3190,3033,3201,3069,3087,3071,3134,3355,3238,3175,3048,3171,3126,3022,2995,3240,3061,3130,3132,3096,3332,3023,3062,3098,3167,3063,3045,3118,3084,3005,3042,3084,3065,3168,3274,3172,3080,3160,2996,3091,3147,3130,3117,3137,3198,3163,3135,3086,3077,3012,3123,3219,3043,3219,3025,3180,3088,3060,3081,3138,3166,3002,3093,3146,3309,3052,3118,3098,3125,3063,3090,3103,3060,2916,3057,3003,3008,3152,3101,3098,2971,3020,3132,3085,2976,3078,3025,2998,3042,3118,3042,3080,3060,3074,3082,3106,3132,3024,3002,3083,3134,3055,3175,3105,3157,3125,3071,3086,4202,4184,4230,3100,3022,3116,3084,3044,3112,3049,2959,3111,3081,3031,3004,5060,2320028
04sJnMaORYc1SV5pKjrP.txt,11431,5473,3150,3290,3261,3209,3287,3310,3183,3253,3277,3227,3166,3219,3211,3199,3268,3195,3290,3272,3213,3410,3202,3244,3200,3257,3194,3242,3170,3270,3271,3210,3341,3198,3307,3430,3179,3183,3148,3228,3240,3412,3258,3228,3240,3258,3221,3231,3324,3205,3196,3225,3376,3177,3262,3307,3310,3160,3277,3268,3289,3176,3182,3217,3194,3222,3117,3355,3162,3247,3258,3154,3158,3246,3190,3194,3269,3391,3243,3235,3314,3363,3340,3318,3153,3165,3235,3296,3280,3388,3226,3270,3324,3317,3258,3115,3213,3313,3260,3550,3152,3384,3126,3367,3209,3366,3202,3235,3279,3228,3229,3231,3504,3140,3330,3333,3293,3309,3239,3346,3255,3229,3221,3183,3200,3241,3224,3418,3327,3401,3253,3417,3338,3280,3374,3339,3308,3324,3411,3525,3293,3299,3209,3245,3280,3201,3207,3237,3203,3266,3279,3208,3311,3176,3345,3283,3169,3203,3289,3113,3282,3212,3353,3254,3260,3122,3226,3207,3278,3223,3305,3169,3200,3240,3265,3232,3134,3220,3276,3325,3269,3384,3315,3055,3251,3260,3270,3177,3347,3274,3398,3270,3196,3287,3108,3316,3404,3205,3200,3226,3143,3281,3181,3210,3193,3184,3275,3180,3041,3031,3273,3248,3186,3133,3150,3168,3252,3296,3144,3187,3149,3183,3184,3236,3173,3302,3236,3149,3161,3088,3247,3237,3285,3094,3348,3166,3341,3232,3118,3292,5717,5465,5211,3186,3149,3188,3198,3224,3221,3171,3095,3105,3124,3176,3134,6938,1491612
05aiMRw13bYWqZ8OHvjl.txt,51484,10286,8682,7850,11762,7558,8881,7015,10492,553,484,7144,8624,493,367,7631,308013,285,630,316,6959,634,437,243,6821,369,233,264,483,355,73578,291,7890,266,285,458,11875,337,388,309,596,73013,252,406,617,384,303,391,529,338,571,10930,436,511,820,495,619,8333,322,8258,784,1151,715,1429,7445,859,504,7587,9257,9700,8300,620,8052,537,408,389,623,9745,545,491,7210,611,445,7147,646,8298,7698,7058,623,8572,417,659,565,8444,9086,1288,882,951,652,73724,929,1206,1342,589,7379,977,11513,810,1120,831,836,1183,561431,602,1185,929,10415,10248,933,889,717,1022,1033,837,1419,9520,821,1129,7697,1089,744,10540,8977,8845,927,1034,7755,10218,975,10634,995,8128,766,814,1031,619,904,624,908,1046,1051,1077,976,664,73758,940,705,1091,864,633,1010,821,752,74782,804,815,864,959,919,705,732,679,846,604,785,507,829,640,642,589,791,670,6847,698,747,671,711,549,915,950,671,830,18026,7171,801,12812,6961,557,11432,9970,591,862,561,465,1332,363,539,423,776,556,627,583,487,246,442,352,568,672,313,579,505,568,371,433,813,370,364,329,604,376,252,269,7612,11711,246,7863,8631,197,305,282,7362,453,369,464,555,273,593,1200,11022,442,459,468,7930,671,11802,60911,13096
05EeG39MTRrI6VY21DPd.txt,19419,955,693,656,832,463,370,510,836,449,711,406,543,393,292,446,1664,297,308,432,459,426,251,402,481,279,315,291,390,293,272,370,672,250,347,360,914,292,299,356,464,336,246,490,355,342,407,418,477,495,449,836,583,437,363,342,367,393,417,538,453,316,310,675,1551,969,518,637,1041,686,473,511,474,504,463,451,518,415,419,615,1284,610,870,645,529,525,524,458,530,313,537,354,268,289,316,623,392,1006,335,512,668,1393,390,357,523,704,562,305,546,445,506,803,596,238,855,487,1273,575,431,760,309,403,274,235,273,271,302,347,721,388,260,644,314,456,235,447,462,770,299,2033,226,562,226,367,353,183,239,254,236,189,182,290,265,302,206,291,174,197,201,384,328,257,242,452,213,203,202,409,272,208,295,359,158,207,213,498,309,240,292,409,298,230,242,357,348,239,252,341,200,252,472,1183,663,445,662,622,492,341,920,1035,567,495,492,545,1963,433,456,601,447,376,607,497,369,484,380,481,576,310,373,536,328,409,268,486,452,289,396,396,376,323,296,382,535,331,404,479,345,285,259,394,459,418,362,433,301,290,348,434,463,354,472,393,384,303,390,2104,8512
05IXcWGxvnkto4sq17zZ.txt,15166,1049,566,642,779,377,478,304,1166,183,228,188,737,211,124,810,789,121,84,94,377,448,102,56,318,102,55,83,241,84,66,169,750,77,70,117,901,112,74,92,211,49,49,191,120,91,83,43,275,113,91,759,162,190,70,75,201,301,88,531,194,190,54,101,639,229,139,214,565,1497,1958,210,242,140,102,105,261,614,151,115,1231,447,137,519,212,487,620,454,324,762,93,204,117,399,300,301,189,414,99,287,479,861,570,107,495,405,735,120,470,143,398,466,326,54,579,406,1633,1600,224,180,186,171,95,79,233,439,123,162,439,281,58,1683,385,1286,75,63,331,1580,259,83020,205,1065,65,66,232,40,20,77,112,92,26,20,130,73,51,20,861,846,56,31,93,170,43,136,194,139,41,39,115,45,46,104,171,70,41,45,95,26,23,24,87,174,90,101,178,60,43,54,101,113,131,75,907,2712,4788,2166,396,99,345,2778,5651,278,3223,3144,363,70,2413,3151,4771,3207,139,2495,179,49,3981,5434,3271,2379,3130,125,124,54,2351,1573,1162,6220,6997,3112,254,148,5462,5434,6961,2626,8507,6671,427,40,4672,1589,1913,1633,1654,3338,233,37,272,57054,3563,2526,1004,3225,23638,38048,3477,6900,16368
05LHG8fR3iPn6agIo9z7.txt,172538,3489,2653,3551,2569,2667,2390,2277,2058,2322,2009,2274,2068,2065,2001,2369,2183,2088,1999,2101,1981,1974,1956,2006,2059,1965,1950,1994,2012,2026,1976,2062,2033,2014,1991,2242,2053,1996,1987,2038,1933,2026,1991,2246,1911,1909,2023,2007,3054,3193,3107,3390,3085,2957,3025,3041,3068,2998,3090,3090,3093,3089,3077,3122,2045,2117,2009,2745,2129,2226,2072,2077,1974,1986,2051,2156,2062,2114,2061,2039,2148,2062,2164,2167,2089,2056,2017,2087,2186,2072,2049,2093,2109,2079,2061,2128,2131,2200,2073,2154,2218,2249,2277,1986,2202,2155,2788,2192,2171,2066,2074,2232,2175,2125,2215,2197,2241,2339,2069,2133,2057,2099,2034,2144,2021,3169,2093,2208,2302,3010,4647,2411,2082,2504,2115,2256,2032,2314,2086,2527,2050,2409,2089,2019,2098,2014,2072,2081,2022,2044,2053,2070,2013,2025,2080,2067,2055,2021,2066,2107,2115,2123,2085,2191,1946,1995,2062,2067,1995,2137,2009,2059,1999,1946,1959,2080,2075,2224,2017,2075,2030,1919,1965,2017,2035,2023,1912,2105,1896,2053,2017,2057,2125,2623,2040,2155,2036,1919,2058,2138,2077,1986,2006,2055,1952,2031,1943,2042,1954,2031,1998,2052,2025,2061,1982,2135,2023,2058,2047,2099,2029,2062,2046,2073,2023,1926,1983,2072,2157,1984,2067,2046,2785,2010,2118,2083,2093,2024,2020,2047,2151,2130,2069,2211,2110,2108,2096,2247,2056,2119,1960,2050,1943,2138,1969,64831,21260
05rJTUWYAKNegBk2wE8X.txt,79568,6445,3143,2517,4982,1824,2125,2964,8301,1530,3066,1345,4876,2695,1412,5649,4447,1917,1821,1226,2793,3546,932,915,2358,953,861,1030,1821,881,934,1073,5441,867,6202,1045,1662,3942,858,928,1342,970,816,1160,6521,1149,1252,1130,10809,4630,2002,5803,2007,2157,1884,1573,2301,3647,1661,4344,1833,1986,1436,1504,2913,3975,1104,3446,2689,9866,3110,1574,4818,2490,950,2785,3558,4600,3727,3389,9487,3001,2858,5804,4940,4528,4131,4051,1297,2315,2106,1589,2042,2756,2569,4940,1079,3401,1182,2030,2341,6102,2314,1557,3478,3743,3491,1110,3485,1712,3759,3849,2125,779,3967,3169,9003,8719,1979,1765,3936,1381,935,957,1655,11612,1349,1240,3538,1781,870,5814,3045,10590,1316,824,1447,8106,1237,20703,1368,7450,988,893,15194,817,662,751,1120,930,730,739,1086,697,670,699,1161,1476,822,771,979,1228,676,909,1181,1572,725,997,1091,674,786,878,1251,667,677,764,1178,800,711,844,1232,2696,1179,1016,1910,938,798,1128,1154,1585,1287,1382,6002,1523,2473,2272,1272,709,1890,3476,1692,2087,916,1042,1255,787,1424,1020,1409,902,1064,1183,1239,764,1315,1150,1805,880,794,1447,1385,815,928,898,1609,957,846,817,1572,784,883,964,7572,3471,828,2989,4168,955,1131,1243,6169,1960,2064,2301,2218,1046,2626,3753,4012,1511,1604,2407,5196,4614,4448,47484,44280
06arUi9q3wHS2C8RZxeB.txt,10739,5580,3201,3345,3284,3278,3306,3329,3198,3244,3298,3191,3277,3195,3228,3220,3315,3290,3264,3279,3223,3126,3147,3206,3247,3250,3188,3091,3233,3289,3382,3348,3300,3178,3256,3337,3290,3292,3258,3308,3294,3177,3169,3274,3275,3106,3311,3233,3252,3154,3252,3256,3264,3230,3283,3260,3238,3187,3165,3175,3163,3201,3264,3394,3209,3153,3179,3234,3346,3233,3163,3253,3238,3223,3275,3338,3114,3313,3249,3156,3241,3284,3330,3214,3269,3298,3322,3340,3159,3098,3243,3228,3277,3219,3222,3344,3156,3416,3209,3253,3360,3356,3267,3216,3160,3233,3300,3308,3397,3193,3188,3232,3244,3313,3311,3315,3327,3237,3222,3152,3210,3271,3211,3298,3241,3265,3137,3194,3436,3304,3216,3484,3242,3191,3354,3248,3324,3314,3312,3424,3161,3331,3199,3210,3151,3224,3190,3264,3268,3242,3321,3261,3205,3272,3132,3165,3384,3292,3180,3243,3211,3065,3167,3188,3285,3258,3142,3249,3149,3317,3183,3199,3261,3291,3229,3241,3274,3239,3278,3306,3216,3387,3282,3274,3174,3269,3241,3257,3295,3162,3205,3343,3209,3232,3179,3232,3228,3305,3084,3239,3238,3218,3107,3179,3129,3154,3173,3220,3214,3130,3099,3296,3144,3154,3255,3287,3257,3310,3226,3158,3237,3269,3072,3301,3201,3240,3171,3219,3157,3219,3275,3314,3277,3181,3170,3191,3156,3388,3154,3192,10067,3286,3204,3341,3151,3170,3249,3169,3265,3277,3118,3221,3310,3156,3193,6823,1497244
06KfrF7ltESna2ZHPVp5.txt,11459,5502,3258,3344,3436,3360,3234,3202,3349,3307,3270,3316,3285,3236,3193,3232,3260,3395,3175,3242,3183,3289,3157,3232,3244,3181,3163,3235,3208,3257,3260,3285,3252,3152,3227,3370,3285,3266,3223,3203,3179,3226,3222,3254,3239,3247,3342,3231,3290,3153,3168,3174,3260,3224,3239,3261,3144,3335,3132,3210,3324,3225,3196,3324,3039,3221,3131,3315,3209,3234,3264,3237,3280,3160,3195,3223,3228,3258,3193,3165,3349,3179,3348,3241,3245,3299,3289,3326,3144,3262,3330,3202,3212,3247,3249,3476,3219,3194,3223,3396,3313,3412,3298,3133,3228,3300,3245,3304,3261,3246,3303,3298,3296,3254,3264,3285,3422,3143,3229,3199,3344,3176,3177,3182,3258,3351,3190,3168,3359,3315,3198,3579,3244,3163,3313,3256,3303,3318,3287,3365,3329,3359,3231,3143,3279,3281,3321,3323,3338,3234,3344,3254,3335,3240,3240,3385,3335,3235,3225,3288,3227,3276,3171,3238,3259,3391,3125,3280,3174,3182,3339,3183,3330,3290,3249,3202,3248,3353,3328,3352,3268,3210,3144,3276,3321,3236,3246,3211,3299,3358,3213,3265,3347,3272,3202,3337,3544,3283,3252,3236,3215,3113,3172,3136,3350,3233,3139,3332,3350,3259,3204,3128,3185,3209,3264,3251,3181,3192,3238,3135,3281,3235,3350,3176,3194,3221,3175,3204,3129,3043,3162,3155,3381,3059,3162,3304,3401,3174,3167,3257,5563,5548,5335,3179,3106,3208,3126,3173,3209,3127,3187,3233,3155,3264,3145,7239,1490076
06osXqPUVM1HbvBGNncT.txt,8519,4193,3026,3097,3113,3191,3162,3177,3086,3135,3008,3013,3230,3050,3062,3154,3170,3046,2999,3099,3066,2991,3026,3099,3085,3163,3033,3050,3079,3081,3106,3057,3107,3081,3143,3043,3134,3122,3009,3091,3134,3157,3123,3159,3136,3167,3108,3050,3175,3025,3160,3181,3101,3238,3047,3064,2956,3000,3073,3131,3144,3101,3053,3090,3246,3118,3046,3081,3154,3048,3093,3210,3142,3040,3144,3035,3103,3081,3080,3055,3168,3143,3085,3091,3122,3082,3112,3170,3193,3039,3086,3134,3208,3056,3007,3193,3025,3178,3119,3049,3267,3167,3063,3117,3143,3155,3179,3024,3145,3096,3074,3074,3058,3145,3123,3100,3114,3063,3087,2995,3058,3124,3087,3091,3144,3142,3185,3137,3061,2960,3093,3311,3041,3169,3130,3177,3013,3047,3198,3186,3223,3175,3104,3112,3145,3204,3166,3226,3104,3214,3113,3224,3077,3130,3213,3125,3088,3011,3103,3150,3102,3173,3076,3083,3088,3075,3007,3019,3159,3066,3077,3144,3140,3038,3123,3157,3093,3182,3048,3053,3187,3222,3018,3037,3095,3105,3073,3195,3075,3121,3044,3074,3177,3115,3152,3290,3186,3121,3111,3278,3088,3052,2993,3055,3188,3118,3031,3111,3092,3117,2923,3046,3107,3167,3022,3126,3209,3104,3032,3105,3065,3058,3157,3148,3008,2994,3068,3015,3175,3098,3041,3101,3187,2943,3055,3021,3238,3069,2994,2997,4272,4292,4223,3071,3069,3150,3067,3082,3052,3067,3059,3162,3062,3026,3136,5214,1536156
07ECKjDTyQLnabNoxrIH.txt,585212,3591,2758,4065,2726,3574,3078,3360,2857,3563,3111,3288,3541,3282,2672,4115,3007,2769,4182,2846,3116,3326,3312,2690,3508,3015,2563,2515,3292,3588,3364,2504,2674,3988,3433,2627,3076,3213,2658,3280,3693,3357,2575,3596,2581,3407,2617,2591,4447,2615,2581,3421,2919,3549,2987,2989,3009,2788,3386,3432,2897,3487,2923,2528,3082,8983,3286,3709,2827,3771,3017,3364,3007,2561,2529,2894,3043,3121,3034,2607,3379,3379,3699,2951,3679,2883,3289,3010,3332,3402,2955,2709,2763,3070,3191,3254,2861,2992,2495,3313,3350,3871,2997,3354,3281,3744,3436,2647,4406,5778,3453,2621,3056,2755,3108,2971,4368,2991,3299,3335,2894,2574,3026,2624,2906,4067,2951,3012,2957,4069,2970,3594,3278,2898,2732,3285,3762,3313,2983,4903,2999,2867,3379,2943,3174,3076,2560,2424,3195,3383,3273,2915,2631,2906,3374,3095,2562,3340,2973,3065,3911,3054,2934,3422,2640,3255,2527,2447,3411,2852,3425,2970,2604,2964,3265,3371,2966,2972,2864,3334,2895,2637,2908,2646,3611,3822,2654,3023,2930,3045,2712,3374,3539,3028,2953,3066,2784,2983,2849,3243,3216,3249,3461,3003,3274,2923,3443,3100,3228,3342,2976,2922,2753,2627,3292,3030,2655,3002,2959,3525,2907,3387,3371,3428,2947,3412,2590,2581,2915,2807,3068,2575,3819,3037,3404,3031,3897,2904,3400,3363,3127,2700,2963,2632,3465,3399,2822,2764,3241,3045,2546,3471,3635,2950,3256,4719,284
08BX5Slp2I1FraZWbc6j.txt,185684,4711,565,926,1020,397,411,745,1367,443,309,307,1043,257,209,1005,4125,382,234,225,660,1174,189,160,481,141,160,183,504,226,151,155,677,187,515,256,1536,172,195,151,329,143,137,277,290,169,143,150,543,376,403,1691,487,653,382,311,465,710,337,863,481,392,346,352,679,424,176,304,745,1378,613,508,367,234,111,107,412,337,262,223,1552,371,190,1027,404,540,1150,917,362,1325,167,350,751,487,631,524,166,305,126,262,359,743,504,137,757,295,720,121,466,165,309,251,750,686,574,388,2107,2046,350,342,326,155,137,93,294,438,284,164,449,201,87,1542,599,1858,137,110,358,1639,148,3615,133,1220,94,79,150,87,82,80,147,91,87,57,155,281,73,75,594,105,92,95,153,176,73,167,138,71,68,74,127,99,101,228,124,71,87,58,155,79,82,79,164,148,244,133,288,117,91,382,246,127,141,123,1634,390,207,868,458,135,431,623,283,378,171,167,574,94,167,156,237,142,219,290,169,137,311,302,422,144,112,325,214,111,145,135,310,120,112,100,255,99,120,83,2669,354,354,798,900,136,99,166,650,121,116,154,698,121,423,286,954,204,160,173,910,201,489,6360,208
09CPNMYyQjSguFrE8UOf.txt,66971,2043,1784,1791,3856,1606,1691,1648,2157,1681,2125,1682,1931,1680,1653,1739,1667,1529,1514,2462,1879,1892,1544,1451,1554,1532,1615,1832,1770,1599,1469,1498,6302,1578,1676,1586,3673,2385,1581,1689,1757,1791,1564,1845,1761,2967,2142,1682,1993,2017,1943,1810,1784,1939,1831,1597,2259,1922,1839,1645,1736,1826,1673,1701,3843,1773,2823,2234,2173,4003,1857,1621,2767,1830,1640,1607,1825,1733,1601,1724,1742,1655,1631,1804,1994,2054,1586,1783,1668,1493,1523,1644,1713,1843,1549,1790,1709,4411,2111,3484,3043,5199,2425,2050,2455,3951,1689,1738,3169,2629,4040,3949,2499,1755,4389,4011,4857,2987,1816,1928,2743,1988,1628,1578,1732,1590,1650,1581,1604,1584,1539,2050,1649,2154,1524,1579,1526,4563,1609,2692,1590,2514,1570,1605,2592,2187,1485,1546,1540,1903,1530,1503,1560,1516,1436,1446,1638,1628,1503,1465,1486,2181,1475,1490,1474,1578,1516,1523,1677,1423,1513,1497,1506,1530,1655,1531,1519,1474,1641,1566,1666,1661,1555,1536,2169,1742,1805,1779,1585,1760,1709,1804,1857,2403,1684,1560,1577,1525,1549,1781,1808,1504,1452,1460,1519,1499,1537,1498,2520,1570,1552,1496,1526,1571,1510,1490,1634,1440,1463,1504,1547,1470,1527,1582,1454,1517,1460,1499,1476,1773,1460,1596,1842,1565,1707,1541,1812,1481,1474,1539,1583,1502,1514,1570,1523,1558,1654,1537,1727,1480,1494,1546,1504,1505,1461,6894,27264
09LXtWxm1EbK5uVqcQS3.txt,5223,88,30,33,34,16,10,4,39,7,4,12,22,4,3,13,18,2,10,28,3,2,10,10,17,4,15,9,21,8,12,20,62,11,72,30,21,10,37,14,15,15,19,56,9,6,19,13,11,13,24,9,5,50,11,8,7,7,11,11,5,1,10,6,58,27,13,20,7,15,19,26,11,14,14,6,10,7,10,6,51,32,50,53,17,59,32,72,10,7,14,19,6,46,8,42,30,42,14,20,38,105,29,64,23,35,33,17,40,11,29,38,9,7,34,35,72,35,23,12,39,85,25,39,54,16,20,19,30,14,11,12,17,12,5,6,5,8,2,45,8,8,3,11,19,11,14,10,4,12,3,10,2,8,9,25,6,14,9,10,9,25,22,7,25,13,8,8,6,28,12,5,13,13,16,9,4,10,16,13,5,5,9,12,6,21,13,16,11,17,23,7,17,15,56,68,9,12,22,28,34,16,10,17,25,10,20,23,55,6,7,11,33,29,19,7,11,16,32,20,13,23,9,19,15,27,21,16,22,2,16,28,129,16,12,8,9,9,34,21,6,7,28,7,5,11,7,9,9,15,26,21,21,12,24,827,1451188
09sXMJUHwQWVanrhzAoT.txt,97427,1924,1858,1938,1830,1775,1802,1897,1754,1655,1691,1686,1730,1648,1689,1648,1807,1797,1741,1871,1744,1819,1851,1840,1808,1776,1865,1794,1702,1711,1705,1741,1757,2211,1864,2137,2339,2061,1688,1805,1664,1665,3858,2491,1624,1721,1642,1701,1921,1739,2151,1808,2026,1795,1763,1800,2860,1716,1798,1683,1696,2760,1728,3381,1880,2233,2132,2581,3013,2225,2410,2509,1780,1802,2020,2167,1830,2644,1687,1833,2350,2497,1896,3003,1803,2095,2705,3899,1699,1742,2054,1800,1845,1894,1849,1767,1570,2102,1725,2100,3177,2388,1693,2067,2183,1671,1803,1699,1805,2820,2204,1777,1782,2494,3454,2638,2713,1832,1723,1977,1728,1786,2088,1786,1784,1767,1707,1705,1472,1412,1593,1597,1516,1570,1445,1415,1419,1568,1498,1652,1528,1830,1472,1410,1431,1582,1698,1399,1486,1485,1426,1600,1480,1444,1593,1607,1542,1550,1502,1451,1476,1597,1471,1550,1437,1552,1523,1533,1740,1585,1587,1573,1634,1443,1616,1493,1502,1588,1626,1637,1685,1537,1544,1686,1504,1562,1579,1694,1562,1565,1583,1636,1715,1428,1737,1538,1570,1420,1481,1573,1453,1484,1491,1465,1561,1560,1511,1540,1430,1344,1482,1514,1556,1565,1380,1403,1538,1376,1619,1593,1587,1517,1490,1465,1405,1353,1485,1449,1456,1531,1410,1522,1471,1361,1454,1439,1473,1438,1410,1387,1585,1461,1462,1404,1382,1311,1407,1486,1507,1483,1440,1476,1467,1402,1437,1718,6360
0ACDbR5M3ZhBJajygTuf.txt,138046,124440,7938,126,6984,23,7459,17,6836,78,7909,21,7414,40,7918,119,117843,113613,22,13,42,34,9,15,27,15,21,6,27,25,13,6,7839,66,7544,5,6349,101,6611,12,6620,6,15197,7,14007,15,9880,16,52,47,41,146,58,40,28,25,59,34,18,4,44,30,39,28,6975,78,7157,81,7950,144,7595,43,7203,69,7525,139,8266,121,7440,45,62,30,69,65,64,150,61,52,29,27,30,13,11,77,12,15,6243,138,6590,73,6055,247,6264,56,6500,107,7654,30,7900,66,7372,136,66,17,175,104,375,327,39,16,45,58,28,4,17,69,14,7,6006,204,6597,179,6764,152,6717,8,6242,499,7020,238,6771,101,6962,4,19,5,8,6,29,39,8,7,38,2,7,5,22,29,10,8,6862,7,7207,9,6237,2,6821,9,7071,9,8346,3,8715,8,13856,6,17,9,8,7,39,32,9,4,40,19,20,25,24,26,28,21,7215,15,6521,11,6493,1,6588,5,6943,49,7311,1,7579,9,6784,6,31,11,52,9,23,4,4,9,25,6,4,47,17,7,6,6,6203,4,6652,5,6508,4,6560,7,6824,6,8906,10,11828,4,7319,5,24,6,10,5,46,70,77,11,86,64,66,60,24,8,78,653,602472
0AguvpOCcaf2myVDYFGb.txt,41404,790,398,392,306,294,234,350,289,240,171,174,282,238,321,214,247,254,252,210,319,283,159,150,250,124,189,179,209,192,199,252,240,182,175,153,162,247,217,172,228,216,254,178,196,201,190,179,200,213,148,107,235,158,188,160,195,213,191,219,235,182,202,205,299,203,214,285,308,406,230,247,212,293,146,242,187,281,233,372,225,180,185,214,183,291,133,234,198,179,142,157,232,187,149,141,200,312,166,280,243,584,253,219,191,301,139,132,299,210,280,303,271,140,331,282,424,239,192,1212,236,206,144,170,188,230,206,157,595,471,122,197,364,165,159,192,487,196,103,266,187,152,189,255,194,168,211,186,131,121,138,209,130,129,156,163,163,176,148,157,225,159,203,144,134,106,125,159,148,80,129,126,156,129,195,158,158,149,172,161,169,180,174,176,186,149,194,180,174,282,188,174,273,146,141,177,200,127,278,269,179,184,130,152,2730,188,187,175,173,263,163,236,198,140,174,203,161,260,135,179,162,177,166,195,283,114,131,170,186,160,147,158,171,414,178,192,212,190,138,166,200,156,179,209,182,176,187,181,213,162,156,197,194,170,168,3815,238236
0aKlH1MRxLmv34QGhEJP.txt,47324,1598,1073,552,852,607,317,170,348,208,211,227,316,285,357,288,1318,717,157,150,192,204,135,121,208,102,123,103,188,118,120,100,359,121,127,93,178,2753,92,103,140,103,95,115,184,109,460,610,743,435,160,157,191,118,264,114,146,125,125,149,200,203,202,270,638,372,143,271,217,454,197,194,201,205,143,133,245,330,121,154,187,142,152,227,274,231,223,169,129,136,121,109,114,114,110,111,168,2657,2208,2314,2495,908,286,188,259,627,112,159,512,342,494,602,298,114,510,450,803,323,216,249,223,253,121,119,136,185,118,93,216,285,93,231,154,101,117,107,292,185,141,299,121,158,110,153,144,128,132,113,175,151,107,146,182,129,119,103,119,201,134,127,143,124,121,172,207,109,102,107,420,2227,117,104,145,105,367,105,167,116,120,121,231,147,145,131,281,579,271,122,133,88,111,106,310,180,106,98,285,82,133,184,184,90,131,103,240,115,121,93,146,95,123,96,151,80,83,90,124,102,113,102,158,125,85,159,171,103,100,95,309,119,126,135,213,230,110,116,183,98,93,85,210,87,116,116,233,79,100,140,211,95,110,83,190,116,138,4124,229780
0AnoOZDNbPXIr2MRBSCJ.txt,25791,1202,569,750,948,456,405,517,754,494,388,323,628,419,315,857,1391,327,287,322,517,499,311,307,493,279,276,323,452,291,291,379,740,318,321,295,972,311,347,259,465,312,280,418,335,346,400,301,443,324,343,540,401,911,317,408,376,435,296,593,386,350,371,393,529,463,353,403,763,481,438,451,429,405,293,318,477,390,337,345,582,391,371,494,424,406,452,416,399,353,319,369,305,402,464,511,313,521,347,442,522,832,348,324,416,510,440,330,608,383,496,569,529,316,672,525,1041,767,365,715,546,690,317,306,366,325,332,341,1051,473,316,1160,423,698,323,385,386,1208,310,1933,328,696,298,285,362,280,273,322,302,244,240,247,297,297,255,284,306,295,288,444,275,332,254,363,306,264,255,281,292,268,265,261,307,303,266,269,363,275,288,275,305,279,296,255,392,310,292,329,257,322,394,292,720,470,452,580,478,321,318,487,373,375,325,292,1247,277,294,384,381,302,364,339,305,369,294,310,347,320,272,328,293,313,269,279,487,324,307,259,352,282,301,283,538,355,279,491,416,313,322,310,574,304,282,306,270,263,385,402,500,316,297,343,452,283,401,4532,27384
0AV6MPlrTWG4fYI7NBtQ.txt,90588,9219,3186,2392,9116,8930,9054,2648,9054,2722,2389,2474,9014,2665,2869,2691,2524,2577,2336,2591,2781,2615,2512,2621,2823,2467,2413,2359,2750,2502,2450,3078,2612,2627,2416,2711,2641,2617,2311,2541,2841,2450,2472,2831,2763,2493,2512,2395,2460,2577,2664,2661,2585,2581,3003,2479,2320,2817,2738,2589,2432,2741,2296,2384,2578,2600,2652,2704,2630,2782,2581,2426,2290,8855,9664,2550,2333,2561,2785,2482,15978,2438,2604,2836,2668,2453,8997,2592,2546,180369,2298,2833,2818,2476,2249,2400,2603,2464,2480,2456,2766,2561,2598,2867,3007,2441,8978,2287,2516,2863,2382,2893,2544,2805,2577,2572,15939,9089,2609,2405,2352,2589,2691,2624,2389,2321,2945,2628,2565,3029,2398,8851,2363,16078,2944,2519,2369,2819,2781,22545,2623,9275,2851,2446,2481,2498,2450,2439,2877,2397,2507,2847,2897,2399,2392,2330,2443,2897,2353,2534,2971,2328,2521,2814,2685,2661,2375,2361,2451,2716,2455,2575,2798,2394,2445,2347,2344,2798,2641,2613,2546,2737,2489,2326,2420,2254,2963,2698,2351,2811,2845,2892,8899,2524,3171,2542,2475,2422,2400,2651,2822,2522,2540,2454,2310,2655,2616,2661,2665,2682,2291,2699,2435,2522,2694,2439,2564,2887,2424,2578,2899,2467,2398,2430,2635,2534,2574,2462,2706,2784,2366,2556,22495,2549,2518,2390,2601,2792,2660,2547,2472,2447,2435,2583,2325,2413,2907,2739,184639,2708,2515,2752,2621,2486,2699,48983,412
0aVNj3qFgEZI6Akf4Kuv.txt,25260,689,236,402,220,302,204,269,238,162,164,255,224,666,229,335,193,156,170,267,179,626,156,222,1101,264,165,273,213,197,171,234,396,581,401,541,487,415,306,441,259,360,376,637,494,426,350,430,438,369,320,455,472,415,333,439,426,344,300,467,511,517,344,448,573,1918,258,437,510,1053,345,420,442,451,317,385,453,854,321,437,496,537,1346,892,331,819,366,442,327,448,398,402,320,448,315,431,385,488,459,456,538,568,672,456,341,469,373,387,901,385,654,535,320,394,387,504,510,516,344,422,361,455,303,390,314,390,246,214,190,419,176,575,130,170,145,144,211,847,284,1243,159,187,155,158,179,143,294,247,162,156,140,147,188,174,287,174,172,173,147,145,159,412,717,356,154,185,196,184,175,147,392,157,179,207,176,160,174,170,465,154,148,255,239,310,165,141,193,177,158,184,203,237,238,254,226,176,234,169,202,308,167,163,194,159,207,164,168,172,201,185,191,286,209,169,300,169,161,157,215,175,205,164,159,164,226,163,201,192,275,237,242,1084,489,283,254,294,308,279,218,302,320,188,167,222,390,274,414,514,866,631,668,762,1023,485,413,3330,5836
0aVxkvmflEizUBG2rMT4.txt,19811,717,295,469,552,407,246,225,393,239,221,226,423,693,216,285,455,279,220,225,440,704,231,226,345,270,246,209,377,213,220,259,427,472,314,306,419,481,282,465,291,414,286,467,352,593,331,885,309,313,293,310,306,333,294,281,257,287,274,270,316,408,297,400,402,1991,289,326,351,892,278,347,360,307,308,291,391,806,280,353,523,397,454,322,402,698,312,333,393,344,410,1291,379,285,335,345,1496,2530,440,553,359,572,298,328,341,359,262,264,361,303,356,362,310,305,348,366,543,524,3642,318,344,320,287,284,342,353,294,303,316,391,250,697,304,276,251,255,344,1032,300,1349,291,308,262,261,229,222,216,221,251,286,223,206,224,239,210,217,223,252,202,213,261,508,208,447,1134,260,261,343,306,215,226,247,333,222,256,252,238,239,246,209,290,249,293,245,335,286,261,264,286,274,281,264,360,389,486,350,312,238,250,381,234,229,232,231,268,198,247,209,304,324,210,256,242,218,218,230,240,353,215,257,213,220,226,214,263,799,233,221,240,269,269,206,548,549,283,278,373,204,255,217,389,537,211,227,454,375,478,841,984,337,226,250,662,219,238,2187,9008
0AwWs42SUQ19mI7eDcTC.asm,0,0,0,0,0,0,0,0,0,0,0,0,0,0,0,0,0,0,0,0,0,0,0,0,0,0,0,0,0,0,0,0,0,0,0,0,0,0,0,0,0,0,0,0,0,0,0,0,0,0,0,0,0,0,0,0,0,0,0,0,0,0,0,0,0,0,0,0,0,0,0,0,0,0,0,0,0,0,0,0,0,0,0,0,0,0,0,0,0,0,0,0,0,0,0,0,0,0,0,0,0,0,0,0,0,0,0,0,0,0,0,0,0,0,0,0,0,0,0,0,0,0,0,0,0,0,0,0,0,0,0,0,0,0,0,0,0,0,0,0,0,0,0,0,0,0,0,0,0,0,0,0,0,0,0,0,0,0,0,0,0,0,0,0,0,0,0,0,0,0,0,0,0,0,0,0,0,0,0,0,0,0,0,0,0,0,0,0,0,0,0,0,0,0,0,0,0,0,0,0,0,0,0,0,0,0,0,0,0,0,0,0,0,0,0,0,0,0,0,0,0,0,0,0,0,0,0,0,0,0,0,0,0,0,0,0,0,0,0,0,0,0,0,0,0,0,0,0,0,0,0,0,0,0,0,0,0
0AwWs42SUQ19mI7eDcTC.txt,22528,1344,796,747,1443,819,738,627,1715,572,592,515,1126,775,514,880,1017,531,541,534,714,912,457,517,645,517,504,501,588,633,419,448,1149,529,535,553,714,518,589,436,546,466,455,507,617,520,531,546,837,643,787,1188,812,732,759,748,742,731,604,811,700,712,674,717,1030,925,564,635,803,1645,825,676,856,803,420,475,715,1253,746,637,1672,775,763,843,878,1082,1088,771,839,730,2371,1887,582,870,906,646,580,756,473,630,674,1048,614,3723,857,673,942,458,753,493,720,636,602,449,819,665,1403,1495,512,456,509,559,451,421,589,683,555,464,655,553,451,1135,581,1233,407,468,554,1402,468,3668,515,1741,412,457,486,471,447,425,491,487,414,415,541,469,456,407,553,445,463,415,552,522,423,873,512,445,431,431,513,400,462,463,482,447,425,429,494,404,436,443,492,456,478,425,609,534,435,534,471,468,458,437,1218,594,919,688,517,415,666,824,647,706,465,489,664,424,677,495,575,452,525,508,485,465,473,437,608,478,464,544,547,451,429,435,765,705,477,450,603,452,481,472,1871,609,437,744,1155,448,432,475,867,635,458,471,605,447,687,512,878,481,486,536,947,541,778,4580,7668
0B2RwKm6dq9fjUWDNIOa.txt,238102,11699,6410,5685,10642,7651,7298,4937,11708,3409,2409,2715,7552,5209,3187,6973,5142,2692,3121,2532,3943,5292,2562,2790,4198,3176,3163,2808,9377,2545,2670,2743,3530,2435,2889,2972,6570,3061,2725,3090,2533,2716,2288,2405,2528,3099,2560,2565,5253,2863,3111,7243,2477,3302,2513,2631,3132,4033,2638,5134,4233,3536,2488,2632,5702,3140,2630,2787,3493,4711,2969,2611,4102,7739,8266,2516,3091,3631,2777,12463,13249,3728,2408,6195,2705,4216,8170,6497,3306,7759,2702,15549,3118,3700,5295,4158,2562,2599,4521,2830,3933,2781,3139,2532,6664,2705,8645,2547,3189,2779,3736,19809,2936,2620,3491,2622,14612,8015,3417,2477,2712,2373,2625,2819,3750,3723,15708,2412,3823,6395,2337,11015,4977,13586,3335,2389,4122,5468,3472,17973,2734,12576,3047,2345,2582,2523,2663,2414,2629,2621,2354,2571,2467,2688,2486,2632,4370,2746,2523,2604,2345,3470,2266,2445,2601,2300,2576,2633,2704,2451,2602,2688,2582,2615,2678,2524,2511,2452,2542,2416,2973,2754,2923,10007,3907,2804,2807,2426,3195,3153,2940,2461,9312,4271,4178,6499,5239,2446,4102,4479,4275,4242,2658,2841,2439,2653,4378,3038,3174,2630,2666,2626,3306,2658,2604,2686,3624,2688,2813,2979,2509,2461,2604,2642,3380,3040,3028,2735,3358,2543,2524,3176,19208,3963,2396,5459,4565,2437,2519,3022,3988,3359,2654,3201,3160,2587,4572,3072,6846,3599,3481,3553,5813,4203,6860,42438,428
0b5LqcWix3J4fGIEhXQu.txt,4936,102,55,74,44,34,19,14,65,10,14,9,32,20,36,14,89,7,8,17,6,10,13,9,55,6,8,11,40,14,11,10,68,51,24,31,27,70,14,10,16,60,15,19,56,30,22,16,27,37,18,17,13,55,9,38,17,15,11,14,13,15,15,4,66,33,28,58,25,43,35,36,44,21,33,19,62,28,16,10,43,32,73,191,19,67,46,74,36,28,28,3,9,46,8,52,15,47,12,36,33,87,16,21,21,39,29,15,59,27,39,54,21,9,26,40,56,12,8,11,16,18,35,10,6,20,20,3,15,6,5,7,24,6,12,7,7,7,7,45,12,10,3,5,6,1,5,2,23,4,11,1,3,1,9,3,23,3,7,2,2,2,5,14,11,28,9,2,6,7,11,7,8,32,10,1,6,9,7,5,3,21,12,6,6,10,14,10,9,21,15,5,6,15,54,8,9,16,61,9,7,5,20,2,8,8,23,8,4,8,4,17,8,12,29,6,3,9,11,5,3,3,36,4,20,13,8,8,4,0,1,16,127,2,11,52,13,2,12,25,11,3,12,12,13,11,25,14,12,6,7,18,9,52,36,184,1234616
0BFIPv1rO83whtpMYyAs.txt,19638,707,306,455,580,372,233,228,428,245,246,205,422,695,232,289,468,250,225,223,400,704,233,229,363,285,240,202,358,195,221,252,414,680,398,316,421,528,281,513,280,439,285,500,357,639,361,961,349,377,320,363,333,389,315,399,338,387,340,329,321,455,316,433,456,2066,312,385,396,924,310,369,406,385,295,365,425,898,320,491,777,526,456,373,437,745,398,422,425,447,481,1352,396,438,412,447,1551,941,514,619,427,639,387,404,410,411,318,335,367,386,392,409,342,352,378,444,573,556,365,372,387,381,325,344,357,408,427,281,335,399,246,692,287,256,273,275,326,1053,264,1348,270,312,260,251,241,207,195,234,280,273,215,213,226,250,249,204,201,229,221,217,268,538,236,444,1131,270,260,347,311,198,215,260,310,233,255,220,260,223,240,217,266,242,271,240,354,283,246,266,266,254,281,277,334,443,466,331,312,240,268,391,237,232,239,219,285,205,218,242,309,350,244,259,205,194,217,209,224,344,207,237,232,232,222,213,265,761,258,227,237,267,245,208,554,579,275,262,372,216,246,248,360,537,206,225,442,332,494,845,961,342,213,279,665,262,211,2227,9008
0BIdbVDEgmPwjYF4xzir.txt,6453,66,30,22,27,20,9,10,16,5,4,5,21,7,3,9,23,11,4,1,4,6,15,8,62,7,7,1,19,7,3,10,62,9,15,19,22,28,5,2,9,7,8,5,5,8,6,1,7,33,9,8,5,96,10,4,14,4,3,2,4,6,2,8,66,22,7,22,12,20,19,37,5,10,5,8,11,14,6,14,37,33,43,58,19,53,43,52,7,30,54,45,5,47,13,6,7,44,13,16,29,89,5,7,12,35,36,2,40,9,27,38,10,0,27,36,56,22,7,13,12,7,8,2,2,11,9,1,451,10,21,14,11,13,9,1,2,8,4,48,0,15,1,2,3,4,7,5,6,2,3,6,2,2,5,12,7,26,57,9,5,7,21,4,5,2,4,4,6,8,14,8,22,6,10,15,23,2,8,4,10,6,14,3,10,6,8,6,1,1,10,9,146,1,46,50,8,4,10,6,15,8,4,10,3,19,7,3,13,8,10,21,5,10,6,7,3,5,10,5,26,7,3,3,15,3,4,5,5,6,9,4,123,1,3,5,13,8,9,2,6,10,4,10,5,13,6,9,11,2,4,3,9,9,19,463,1451188
0bjN3Kgw5OATSreRmEdi.txt,94683,9384,2569,2988,9322,9052,8925,2589,9162,2550,2635,123683,9426,2514,2585,2783,2595,2522,2834,2547,2882,2653,2745,2589,2566,2446,2496,2313,2702,2738,2478,2748,2542,2860,2367,2550,2343,2600,2588,2637,2652,2503,2637,2715,2395,122339,2729,2319,2811,2614,2536,2342,2602,2410,2657,2249,2590,2676,2813,2601,2439,2630,2323,2576,2763,2921,2549,2723,2484,2760,2397,2764,2628,9167,9102,2353,2647,2430,2437,2618,16073,2469,2816,2755,2861,2525,9237,2440,2528,8992,2505,2708,2455,2560,2411,2575,2413,2633,2634,2699,2373,3022,2443,2649,2681,2688,9197,2477,2777,2390,2738,2553,2502,2430,2741,2610,15879,9229,2865,116232,2643,2771,2319,2261,2499,2864,2565,2570,2770,2714,2550,8960,2619,15818,2685,2277,2622,2676,2591,22070,2427,9758,2341,2836,2460,2496,2496,2406,2599,3180,2473,2679,2347,2374,2806,2633,2605,2600,2979,2521,2725,2517,2875,2825,2767,2284,2630,2511,2563,2600,2427,2617,2581,2530,2453,2516,2720,2692,2450,2913,2371,2574,2536,2755,2767,2442,2427,2398,2562,2416,2729,2319,9240,2446,2869,2542,2703,2581,2497,2395,2637,2611,2533,2745,2331,2740,2762,2419,2382,2589,2478,2715,2375,2438,2250,2519,2625,2789,2656,2764,2490,2249,2633,2440,2847,2490,2543,2509,2624,2473,2472,2678,22467,2524,2498,2418,2627,2565,2489,2791,2495,2948,2446,2567,2587,2760,2570,2683,2300,2535,2470,2568,2781,2544,2777,50094,504
0cH8YeO15ZywEhPrJvmj.txt,17605,843,545,639,905,379,370,406,629,415,302,437,478,302,336,856,505,404,308,421,420,326,267,279,386,306,307,269,420,283,271,330,754,310,273,276,2308,339,368,285,358,425,286,391,396,304,427,277,452,520,330,367,414,377,282,317,360,416,323,394,386,373,333,316,588,426,336,391,1074,473,398,367,330,374,268,276,642,366,309,302,559,312,344,394,611,438,347,341,396,333,358,359,382,343,374,408,294,474,272,422,451,707,412,333,467,478,414,318,683,337,433,515,796,273,564,439,874,478,361,588,368,339,294,269,386,305,350,313,709,415,273,745,517,645,279,305,773,1767,349,1506,371,866,281,304,667,299,277,275,340,295,270,257,269,299,256,263,272,301,275,351,299,264,279,279,273,278,266,263,290,283,291,243,295,264,255,360,277,290,302,259,309,263,284,244,393,322,341,292,271,288,309,306,644,469,469,469,377,279,419,597,525,751,340,258,318,286,242,297,378,315,503,319,274,414,317,307,348,365,338,395,283,409,310,280,371,275,327,298,347,289,270,264,591,463,461,438,352,331,297,884,448,297,332,312,344,275,411,349,374,338,327,332,374,336,380,2203,25256
0eN9lyQfwmTVk7C2ZoYp.txt,5761,60,19,35,29,23,5,2,107,3,6,14,38,3,5,5,38,2,1,7,5,6,7,4,3,4,10,3,97,8,33,10,80,81,20,20,18,50,6,2,8,4,4,6,5,3,7,6,4,6,9,11,6,2,1,2,6,2,4,2,3,0,2,2,61,21,131,27,14,86,7,27,6,11,97,5,10,17,11,14,60,32,54,53,20,50,47,51,5,4,3,41,11,44,4,8,23,37,7,12,31,94,13,9,19,159,53,2,53,9,41,39,15,3,34,54,74,31,8,16,11,9,5,0,8,2,4,5,14,7,1,12,8,10,4,8,8,10,2,58,5,13,7,6,5,3,1,6,16,7,1,53,4,3,3,11,14,1,5,0,8,1,1,10,3,2,2,14,14,1,2,10,8,46,2,5,9,0,5,5,6,83,46,5,7,5,6,15,10,8,20,15,28,11,48,14,53,13,14,20,28,24,3,5,95,3,3,7,5,3,2,8,9,2,4,12,6,4,7,16,9,0,127,8,25,2,6,0,0,0,7,11,123,7,6,15,9,11,7,55,4,14,19,110,8,2,5,19,9,9,5,6,10,6,27,629,1377460
0hZEqJ5eMVjU21HAG7Ii.txt,6538,75,27,30,26,27,6,3,24,7,6,5,13,5,3,7,20,12,4,1,7,7,8,5,60,8,8,2,17,6,4,8,62,10,18,17,22,28,2,4,8,7,6,5,7,6,9,2,8,34,10,9,6,96,11,4,12,3,6,2,5,6,2,1,67,27,8,23,10,19,25,35,11,11,6,9,12,11,8,14,33,37,51,43,13,54,57,43,8,28,54,6,5,50,50,5,3,42,9,14,34,96,9,8,14,33,27,3,41,8,27,37,3,3,31,34,58,17,7,13,11,7,9,3,1,13,8,2,11,10,22,12,9,11,8,1,4,8,4,50,0,13,3,2,1,5,8,3,9,3,2,3,3,4,5,10,7,27,56,7,11,6,23,3,5,2,5,3,7,9,15,5,24,5,11,12,21,2,11,5,10,6,14,3,9,8,16,8,2,0,8,6,15,2,46,49,9,3,10,4,15,7,9,10,5,18,10,4,10,7,7,21,2,9,7,6,4,5,9,7,28,4,5,3,9,3,2,6,3,6,10,6,126,1,1,6,12,8,14,3,6,4,4,9,8,13,8,7,10,3,4,5,12,11,16,937,1451188
0KgE6ksUeytoHfl2cT4r.txt,4805,101,41,71,59,47,19,16,70,12,10,10,30,20,29,9,83,10,13,13,10,16,10,11,56,54,9,13,41,22,12,11,72,48,27,30,32,28,13,9,13,57,10,14,15,20,27,17,19,40,19,19,21,104,10,43,19,23,11,15,11,17,11,11,62,31,30,61,32,43,30,41,47,15,32,20,63,12,14,20,51,38,66,238,21,61,26,60,32,28,26,8,4,47,8,52,12,40,15,26,35,97,19,21,24,40,31,13,44,16,32,48,6,11,30,37,66,21,11,11,26,28,36,15,9,38,65,14,20,12,25,3,28,10,56,25,19,11,5,70,21,13,7,9,9,5,5,9,34,4,12,2,4,6,5,8,26,8,21,2,9,1,10,14,7,28,4,0,11,4,3,1,7,33,9,3,3,4,8,3,8,23,9,2,6,12,9,4,7,19,9,3,10,6,50,51,8,2,31,11,5,3,18,7,10,8,20,5,15,3,7,15,10,8,29,8,2,7,5,2,4,5,26,4,8,10,7,8,3,3,12,12,121,11,9,11,5,9,5,22,16,11,8,13,7,5,27,12,12,4,5,4,6,12,31,167,1234612
0qjuDC7Rhx9rHkLlItAp.txt,11430,1804,1622,1372,1572,1196,1076,974,1570,1177,1102,1000,1109,1001,1052,923,1600,1057,1056,962,1169,1109,1078,991,1188,983,914,797,888,912,1045,836,1817,1055,1279,983,1109,1001,1046,923,1069,973,944,1193,1049,1052,882,834,1077,938,957,932,952,975,990,1003,961,810,895,813,863,1016,967,803,1871,1068,949,1386,1063,1281,971,902,1219,1262,969,855,933,912,854,845,1163,948,960,914,933,860,1021,977,820,926,845,975,850,1045,933,803,1058,1007,870,996,977,1282,836,875,1117,1069,1320,906,1074,952,882,986,1013,929,1017,1066,1125,1097,841,966,954,882,822,809,824,758,799,883,1796,1508,1068,1154,989,1038,933,881,1000,1148,947,1263,833,1045,932,980,1144,957,968,811,994,803,866,908,1000,840,1007,878,1022,766,1052,882,1010,962,982,937,886,830,792,909,875,852,888,823,843,825,832,983,875,916,816,958,871,973,832,1021,902,898,921,952,794,873,864,876,1198,954,993,926,1064,869,822,1053,888,839,1011,825,1107,814,933,822,925,910,830,848,898,877,860,821,754,809,958,895,830,833,948,956,972,813,961,884,851,934,863,947,957,901,896,918,1099,792,893,872,899,866,832,797,935,838,855,786,875,837,832,838,884,845,828,2363,459148
0qPGt4cRVk9NoiJgubf2.txt,2994,586,547,573,559,520,510,525,583,535,471,501,544,543,506,573,539,486,524,518,520,511,504,489,554,545,502,495,534,485,490,487,534,512,528,541,664,540,514,510,500,529,508,578,524,558,530,533,596,563,540,604,549,494,529,510,533,519,480,548,533,507,490,511,528,531,531,540,491,541,524,520,524,461,504,495,517,527,527,519,587,521,573,598,544,562,593,500,518,537,529,518,508,490,584,532,493,551,502,476,654,595,529,490,630,595,621,527,531,503,507,543,538,517,559,543,557,517,540,510,511,507,481,522,467,544,535,504,544,597,505,571,543,541,491,539,505,543,498,591,513,647,507,522,525,509,532,489,497,515,494,510,498,541,501,496,507,503,470,486,508,514,506,526,520,515,555,465,483,495,468,509,531,549,454,497,501,507,486,506,515,499,484,523,491,517,493,477,520,524,493,521,522,650,518,529,514,516,532,520,539,508,526,517,480,505,517,502,534,515,557,516,538,522,505,536,502,512,509,483,483,503,525,507,527,509,524,508,500,507,533,523,625,545,522,1071,532,527,488,509,507,519,505,506,477,493,517,506,529,483,485,535,531,520,510,628,100408
1bL4yiwCUvSOg7tBJudf.txt,3889,1104,1092,1190,1409,1055,1068,986,1033,1053,1013,1105,1107,1087,1050,1119,1040,1062,1036,1063,1162,1071,1086,1050,1043,1058,1043,1044,1173,1084,1063,971,1061,955,971,1071,1588,1030,1011,1042,1034,984,1088,1155,1051,998,1040,1042,1024,1088,1043,1146,1143,1072,1033,984,1061,1022,1068,1066,1121,1013,1052,1073,1101,1098,1059,1054,1101,1079,1036,1112,1056,1081,1033,1093,1015,1061,1075,1051,1152,1000,1088,1058,1022,1055,1098,1068,1063,1044,1037,1063,1033,997,1001,1046,1001,1096,1024,1042,1076,1155,1073,1078,1170,1073,1081,1058,1086,1062,1125,1069,1098,1087,1086,1089,1065,1066,1078,1044,1096,1059,1072,1057,1029,1003,1036,1055,1107,1465,1060,1153,1019,1113,1008,1065,1075,1167,981,1250,985,1112,1011,997,1103,1042,1038,1070,1033,1038,1070,1026,1058,1074,1057,1016,988,1021,1062,1091,1032,1041,1049,1084,1025,1030,1076,1007,1077,1028,1064,999,1010,1101,1025,1125,1061,1101,1055,1033,1049,1023,1008,1080,1064,1071,1067,1053,1062,1130,1094,1086,1101,1105,1070,1107,1239,1039,1033,1075,1082,1070,983,1161,1088,1048,1031,1083,1082,1084,1000,1035,1059,1068,1073,1077,1074,1062,1081,1079,1032,1026,1039,1064,1136,1087,1034,1035,1063,1054,1069,1054,1087,1048,1001,1022,1026,1011,1012,1015,1068,1105,1069,1106,1060,1058,1092,1049,1066,1036,1109,1108,1093,1089,1000,1269,366768
1eOaAY4fpV38LIdhxl95.txt,5298,400,424,511,513,358,421,324,459,317,430,333,469,315,413,388,496,299,422,349,465,308,430,333,457,299,409,291,446,331,443,328,660,311,438,331,749,313,432,317,459,364,458,347,448,360,485,327,469,323,445,350,416,347,419,334,437,333,447,298,451,332,402,298,424,336,408,337,440,354,448,329,430,340,435,333,425,323,435,344,483,369,487,431,482,339,481,323,440,357,449,355,438,318,460,351,413,412,418,357,426,486,475,341,742,438,624,317,537,331,524,458,474,340,560,449,535,369,427,336,443,350,426,337,391,308,434,324,411,362,420,379,434,349,427,341,423,324,405,445,431,325,416,323,431,308,430,316,454,304,387,324,438,327,404,303,400,328,407,317,435,327,419,336,417,301,430,309,408,312,415,327,436,333,420,313,456,313,418,302,394,316,396,308,422,315,409,336,425,331,452,338,432,437,474,337,432,329,437,332,421,328,432,349,422,293,451,315,434,351,447,328,441,327,432,336,453,317,455,318,446,316,429,327,409,327,420,311,407,338,415,312,568,332,409,819,431,325,433,328,426,319,449,338,444,303,427,377,453,315,405,316,431,317,425,398,29216
1FacC02JPfxSdXeD7MEw.txt,2310,258,215,283,277,226,217,202,247,198,206,217,247,185,211,253,243,199,194,216,221,208,201,195,240,211,194,209,241,196,206,204,210,195,212,216,399,199,174,202,212,216,215,293,218,215,222,223,236,208,208,242,221,190,215,192,193,208,194,212,200,215,188,212,207,215,216,219,215,206,212,230,206,205,183,212,216,216,211,206,288,244,230,279,223,216,284,249,220,223,223,242,201,220,251,238,185,228,195,206,337,248,211,206,317,229,315,191,218,213,223,211,215,202,223,240,230,209,193,209,198,194,184,199,216,194,194,202,190,270,198,260,222,237,218,225,191,200,196,304,198,342,208,209,232,201,202,184,191,205,207,198,200,190,205,191,201,212,195,208,195,195,195,188,199,203,191,198,190,193,214,201,197,207,185,181,216,203,196,203,196,197,202,200,191,197,203,203,190,184,220,216,235,316,235,203,211,214,206,227,204,233,210,201,201,226,203,181,233,204,206,219,219,207,216,223,217,208,190,203,189,206,209,197,213,210,213,218,200,202,207,220,366,206,221,671,204,193,228,201,204,217,203,219,203,201,197,260,227,209,181,202,197,215,203,272,11832
1gx83bLB4PSsYIKCTlZt.txt,5780,517,366,666,1357,473,354,453,374,500,347,554,468,472,352,527,369,406,343,437,401,377,342,362,371,385,311,341,476,331,374,360,373,419,318,490,1233,336,351,364,358,334,345,510,316,341,350,356,354,461,348,518,433,363,344,355,348,374,333,328,438,332,350,329,348,408,372,347,401,343,365,386,376,347,338,403,403,353,339,375,381,363,390,381,353,368,356,366,348,356,389,396,363,367,381,384,361,370,326,362,376,410,364,381,619,367,404,367,382,383,385,362,367,351,386,393,383,351,372,343,322,316,371,335,344,330,331,377,386,808,371,1368,477,449,352,507,362,533,325,669,416,418,340,345,385,295,329,341,391,333,330,339,343,317,367,344,462,374,343,348,331,327,356,323,680,295,348,351,338,368,308,357,365,353,343,349,370,337,360,334,433,373,368,368,349,368,353,373,378,333,363,346,434,780,398,419,1052,366,408,370,371,441,397,387,394,356,402,387,365,386,354,376,354,353,376,377,359,370,371,359,368,361,383,333,397,397,402,393,392,352,372,360,744,712,376,750,580,332,406,372,397,395,352,384,338,373,385,518,360,351,385,331,500,323,390,1632,54432
1IpWLz6eyhVxDAfQMKEd.txt,9396,1473,1579,1162,1454,1157,1170,1010,1808,1100,1076,1003,1180,972,967,1002,1286,959,932,1009,1134,978,847,1117,1009,943,953,942,863,1131,857,919,1450,1042,1062,939,1209,968,946,895,1172,1034,988,1107,972,906,925,917,1373,1002,921,941,963,1104,1049,915,984,1046,1009,905,958,1165,1020,972,1219,1053,1432,1118,1125,1140,1051,981,1206,1092,1067,884,1019,958,947,938,1241,937,1088,970,858,953,966,967,964,992,848,796,956,908,897,866,997,1157,971,937,1056,1468,977,1005,1141,1240,1027,947,1009,945,1190,1155,1152,924,1159,1131,1226,1145,916,898,952,1048,903,856,859,965,954,1013,1209,1072,952,1037,1147,999,990,896,962,1113,1035,1117,924,1027,846,964,1063,850,955,821,948,852,1009,882,810,805,899,991,858,820,862,927,1059,929,909,957,839,872,927,920,1016,799,919,870,859,906,803,903,955,847,876,897,1051,886,874,878,988,851,907,903,876,904,951,989,1123,929,996,1010,932,921,978,881,920,921,897,912,915,795,911,839,990,969,940,958,868,956,906,815,905,870,878,947,900,894,911,849,917,967,994,889,1117,1074,944,863,953,1124,921,941,973,907,908,806,972,978,898,955,927,934,941,983,974,994,872,880,784,833,846,2418,495068
1KB3Z7gd5aN4Xmx8W0sf.txt,14087,1785,1394,1115,1751,1251,1160,974,1527,1128,981,960,1110,1010,943,854,1653,1063,1049,962,1164,1111,1040,903,1086,827,884,958,969,922,904,874,1635,1132,1047,967,1124,1013,1128,926,1155,980,959,1147,993,919,930,830,1220,916,1073,1035,975,971,876,919,984,997,868,860,928,911,944,923,1584,1180,1136,987,1256,1084,1044,1106,1078,1125,1122,927,1053,976,1013,934,1249,965,924,981,1011,988,959,1099,1045,937,969,985,852,1430,846,836,1141,1193,1084,1080,1125,1267,910,888,1291,1014,1101,1014,922,931,1002,1007,1102,846,1004,1041,1185,1014,884,911,938,924,913,864,896,940,973,860,1671,1332,1135,994,1163,1100,866,815,1101,1053,869,969,942,1071,901,963,1162,918,1027,797,987,874,886,870,976,951,923,809,830,809,836,769,1185,935,903,887,947,943,932,920,945,812,847,955,930,792,859,899,932,876,1029,815,906,938,880,790,972,868,985,919,822,940,840,911,1223,922,958,978,906,1034,915,967,850,879,932,948,834,883,882,875,931,923,963,908,914,876,927,791,896,1037,974,821,886,943,791,853,937,933,884,879,894,883,807,930,924,887,839,803,994,987,850,790,1014,836,857,926,935,842,800,906,833,952,809,830,993,879,853,1369,2138964
1PQFYMSBLAO9TmKk2Zhj.txt,3919,465,468,653,497,426,472,449,481,414,472,435,507,461,476,483,455,450,459,466,486,420,436,450,443,439,423,448,490,468,460,468,453,429,459,472,706,461,466,452,452,458,446,479,498,470,428,477,469,443,463,549,482,419,476,466,466,445,451,446,450,414,435,455,441,458,459,493,493,481,474,472,451,442,476,483,470,449,415,479,509,509,479,570,489,469,532,495,472,461,502,507,478,470,483,470,463,509,405,476,453,515,447,437,702,474,602,413,478,491,472,458,453,446,492,483,482,436,446,433,466,433,456,431,441,438,456,480,468,495,472,481,471,458,475,471,417,453,401,579,472,479,407,459,437,471,458,436,429,466,409,411,465,435,427,432,431,432,442,454,446,430,427,415,426,437,438,425,418,452,462,461,438,471,436,426,479,465,423,422,446,418,492,450,474,448,445,434,431,397,458,446,471,588,468,467,471,443,497,421,444,455,455,440,462,455,480,451,448,423,441,432,454,435,465,453,480,474,437,457,417,499,428,458,429,421,453,467,471,413,428,429,675,460,447,957,440,427,479,486,447,426,449,455,472,416,440,483,472,474,451,475,447,450,435,568,94876
1S9ui2XqltCJAOGUPw7v.txt,3619,405,380,568,410,390,349,392,416,353,356,381,424,342,425,436,432,364,376,392,422,383,404,398,399,342,391,434,392,408,403,422,406,397,415,377,670,363,390,382,421,406,422,451,395,432,402,420,397,408,379,437,355,357,374,371,411,361,361,421,371,399,378,352,396,404,354,402,396,431,384,378,368,381,373,365,404,359,357,408,437,394,438,420,413,419,441,424,373,372,374,419,387,390,414,388,373,436,376,385,397,454,379,395,614,392,537,386,393,367,389,428,376,371,425,394,443,378,354,371,385,390,396,380,357,403,320,392,403,414,417,452,398,377,404,416,358,385,365,541,371,415,361,386,403,352,393,363,374,428,341,374,375,364,384,382,370,385,361,377,359,371,384,390,353,380,359,382,404,362,378,382,398,343,367,333,361,336,357,366,341,389,363,371,381,363,373,378,408,398,378,396,420,462,371,377,368,402,423,392,375,395,364,396,408,360,385,361,416,404,404,386,427,365,413,351,368,389,375,383,387,391,384,372,360,379,401,355,364,401,403,386,629,389,394,847,369,375,396,397,385,361,389,373,395,396,366,419,369,372,385,385,394,384,374,445,71836
2aHfrLhcPTj5GnFZXUCN.txt,12894,1678,1696,1381,1391,1306,1072,1090,1789,1068,1145,873,1202,1017,905,1070,1367,928,1023,1093,921,1143,868,861,998,882,832,986,833,950,809,1007,1744,1070,1113,1126,1267,1102,888,852,1092,978,931,1156,950,1073,907,763,1194,1117,899,1263,881,1069,961,857,807,845,953,821,915,888,844,918,1773,1292,1317,1047,1247,1211,1057,1115,1165,1215,1067,850,1524,975,850,824,1241,1050,934,895,953,850,846,959,954,1085,974,953,893,901,808,862,1067,1191,1034,1114,1105,1247,1068,828,1094,1029,980,844,930,868,912,969,992,874,962,897,1028,1135,874,924,853,887,924,874,836,810,812,868,1423,1360,1012,975,1080,1003,843,939,1000,1207,972,1231,877,1164,909,848,1014,852,1029,916,807,808,799,832,874,989,867,1020,846,809,858,784,1176,1010,817,1048,846,843,791,848,961,851,927,1029,954,893,776,882,1100,833,880,842,816,849,912,759,989,937,854,878,843,867,983,986,1349,1030,1071,907,956,977,950,1024,880,885,882,875,869,992,905,876,892,894,810,935,834,783,912,810,834,974,900,845,835,787,839,800,1224,925,898,818,1028,1107,873,846,1063,887,1030,954,860,832,862,846,938,841,829,900,797,810,844,836,955,745,842,1015,907,810,894,1326,790452
2pwjzv6eGEb8QmHPfxSc.txt,13413,1098,1070,926,1137,1250,862,1093,1217,1017,897,848,1023,1031,925,982,1146,993,1069,1060,1176,1218,884,936,981,961,915,903,1075,952,841,815,970,924,920,909,1572,880,930,1056,1025,990,782,947,965,949,1068,910,1169,933,1044,1009,914,1019,890,897,1005,987,854,1009,952,908,897,893,1066,1794,1025,1087,1134,1127,1069,1004,1056,928,811,812,1227,940,1096,963,1322,962,1008,1094,1101,971,1065,1135,982,988,819,875,982,931,902,969,820,1216,954,984,1098,1759,1031,977,1222,1239,1302,950,1256,1073,1215,1288,1187,899,1320,1094,1835,1175,1014,968,972,1027,899,785,1009,910,893,840,968,964,863,1078,1101,1167,947,862,944,1103,837,1909,958,1157,793,952,957,878,883,938,912,885,797,734,911,918,865,923,881,804,761,834,926,1002,819,891,955,813,913,880,927,780,797,823,917,795,832,791,839,815,1034,851,865,877,837,1019,887,817,881,900,818,839,935,906,1195,990,933,803,955,833,926,919,941,814,832,792,1115,765,990,794,936,914,893,885,909,989,859,838,857,999,911,840,888,927,872,904,882,819,915,766,808,911,793,857,1105,841,801,828,997,878,794,807,925,879,813,813,912,813,925,878,881,841,921,973,801,869,866,1550,71484
2qAtoGOuMQZdmH3y7bEY.txt,18051,1769,1754,1225,1853,1243,1080,1006,2096,1143,1071,1047,1215,994,1059,894,1547,1144,995,907,1017,961,1006,896,1166,913,817,788,792,892,936,801,1840,1056,1208,910,1212,1025,1045,888,1194,927,902,1041,1079,1040,840,821,1091,984,1006,978,897,1034,992,874,924,843,867,771,853,1040,904,841,1760,1114,1056,968,1039,1127,976,896,1645,1110,1021,894,988,1054,884,821,1213,981,1032,1018,904,875,898,1106,892,1010,943,887,850,928,945,808,1042,1049,987,981,1022,1247,946,978,1187,977,950,916,1051,964,935,1013,1142,830,1096,1046,1050,1008,863,918,1009,925,868,1219,805,848,817,917,1691,1585,1046,992,977,999,998,856,1281,1071,902,1167,917,1148,839,1081,1070,899,957,876,953,832,878,937,964,875,972,842,947,784,976,859,1049,964,1007,903,902,837,777,860,892,792,904,857,879,928,849,1062,898,905,845,1014,882,975,822,1444,1004,879,879,975,853,905,881,982,1205,1032,960,976,925,1002,877,1036,908,837,978,750,1197,821,941,812,964,878,854,862,895,889,840,858,904,806,857,984,821,905,869,864,959,796,877,893,893,1000,874,898,1032,869,952,970,971,854,959,953,866,924,923,803,908,831,803,851,895,856,914,791,882,844,911,1363,1213300
3m8kb5ILPrHcMC1o9Nht.txt,12293,1236,1079,1077,1131,1235,872,878,1421,885,955,892,1002,994,878,946,1092,882,926,937,1029,920,829,934,1001,841,883,854,828,868,900,826,1251,1050,940,869,1023,1021,916,953,1014,970,915,1240,995,904,873,813,1040,935,1024,937,1016,919,949,910,962,847,895,884,975,1044,863,917,1127,968,1005,929,977,981,987,908,947,856,957,923,917,1664,950,861,1072,935,991,991,801,970,853,922,1001,944,888,873,841,1008,862,833,970,951,952,903,983,1094,1065,888,1133,983,1014,942,999,939,953,900,879,910,992,858,1109,1054,882,951,1012,935,922,836,858,871,847,804,1177,1093,949,993,967,908,891,979,927,1166,875,1014,841,1036,860,957,849,953,928,786,871,819,882,880,821,908,783,901,864,943,809,786,1088,869,978,945,797,921,920,898,892,829,836,913,819,829,822,934,874,793,951,878,871,867,846,826,883,858,872,917,826,838,891,906,1143,1062,818,846,930,837,877,1001,796,912,925,899,880,846,833,908,827,828,846,917,850,805,782,811,902,802,846,793,824,874,777,777,874,927,896,946,919,825,805,843,1117,795,878,992,860,933,916,813,827,900,784,847,859,851,908,834,898,888,817,956,818,835,925,1154,923320
